old_commit,new_commit
d9ef5398f3e5e6618b5296137ce22cb88402d714,d9ef5398f3e5e6618b5296137ce22cb88402d714
d63ad0d5d354099848ece9b68dbf6b1e4b325615,d63ad0d5d354099848ece9b68dbf6b1e4b325615
13f4eccb162e48d0a7592aacb26e9a911ce2f47c,13f4eccb162e48d0a7592aacb26e9a911ce2f47c
00cf2de8b884d131b411b3680f5e75d225eba420,00cf2de8b884d131b411b3680f5e75d225eba420
3a880ad145a38caca8c2eb3a3577327017ea8474,3a880ad145a38caca8c2eb3a3577327017ea8474
ca86f993742545dc09153bcfef08097d7ee5e613,ca86f993742545dc09153bcfef08097d7ee5e613
b362faf67b31033c8eb43aafec9a7df46a3f3c8a,b362faf67b31033c8eb43aafec9a7df46a3f3c8a
80228cc2a932fcafb1a72ad0b33e1c9184a659f2,80228cc2a932fcafb1a72ad0b33e1c9184a659f2
5e88111a2b60ae6b52b1f0743e61802c6a653f6c,5e88111a2b60ae6b52b1f0743e61802c6a653f6c
cb50866199a53b5ccd570abe5cb461687c2cf435,cb50866199a53b5ccd570abe5cb461687c2cf435
5e20180e9733b4be5f38a228564631d200126303,5e20180e9733b4be5f38a228564631d200126303
417a85fea365c8043fc923d9ddd4ce45666b7a88,417a85fea365c8043fc923d9ddd4ce45666b7a88
13da78f3c9ea951c246b9d2f4a52700e6a6caa50,13da78f3c9ea951c246b9d2f4a52700e6a6caa50
ebca258c9b1464f17b675bd146b51e5160b26857,ebca258c9b1464f17b675bd146b51e5160b26857
76ca9281ff5ba5b37d9e0567dd9e4ee70867fe59,76ca9281ff5ba5b37d9e0567dd9e4ee70867fe59
e41c1197f5950d162b583ff963fb07b8335d3ee6,e41c1197f5950d162b583ff963fb07b8335d3ee6
1146a75cacd7d6605c531f72b6e71603942976fe,1146a75cacd7d6605c531f72b6e71603942976fe
28ac7b807a03f64b492cd4aeb5d01f7219a61259,28ac7b807a03f64b492cd4aeb5d01f7219a61259
bf599b2179459b6dfb8823424e0e25f6d16577ca,bf599b2179459b6dfb8823424e0e25f6d16577ca
a6ca4555e7c71f40906e46d81ca205e3c18be44b,a6ca4555e7c71f40906e46d81ca205e3c18be44b
890551329c55fc7d54631654c2708c50bd8917ea,890551329c55fc7d54631654c2708c50bd8917ea
2b0a16362a6b6a194956410fbcc00d6c6d96ef02,2b0a16362a6b6a194956410fbcc00d6c6d96ef02
10f31ac0ca988e05f2a31e4c98aee6a2726b4dd7,10f31ac0ca988e05f2a31e4c98aee6a2726b4dd7
947d0235971ef6a42ddab058c7313534cfa9e20c,947d0235971ef6a42ddab058c7313534cfa9e20c
45afafe14e8083327434566234abc7f992d0a659,45afafe14e8083327434566234abc7f992d0a659
5942932fdbd2335c8306a66520c758c63af662ca,5942932fdbd2335c8306a66520c758c63af662ca
422542d30573f6cf5f2e6e643a7da33e66a5750b,422542d30573f6cf5f2e6e643a7da33e66a5750b
2f12b4faf6ad9d2371ffd052a520721662ddab50,2f12b4faf6ad9d2371ffd052a520721662ddab50
5edb26a226f8b3cd58a5cefe0a2669c416a5ad3c,5edb26a226f8b3cd58a5cefe0a2669c416a5ad3c
458ad09bb723bab53d3c17f2a1745bcb552cc06a,458ad09bb723bab53d3c17f2a1745bcb552cc06a
f701d6abaad7c25028ef835b596559c1d8cda36e,f701d6abaad7c25028ef835b596559c1d8cda36e
0a2272f67080b7bbbcbca57178a5914824dad2fc,0a2272f67080b7bbbcbca57178a5914824dad2fc
d5b4c63c486f52bc02ec4c2489aa69506cb0ff6c,d5b4c63c486f52bc02ec4c2489aa69506cb0ff6c
0e21ca6decd59cf891b10ece1413b94dafb01bb7,0e21ca6decd59cf891b10ece1413b94dafb01bb7
dac722c8b70be072c92c07dcf03b369d3dccffa3,dac722c8b70be072c92c07dcf03b369d3dccffa3
8aa110e9182b02173ddb64cfdac38145e35ce15f,8aa110e9182b02173ddb64cfdac38145e35ce15f
e3c0839fe92284bafb06358980d54f6ffcd3abaa,e3c0839fe92284bafb06358980d54f6ffcd3abaa
ef8688ab086be72c01516dfd2780ceb57248b116,ef8688ab086be72c01516dfd2780ceb57248b116
58ffe2ad96cb679c2c5016e5b27612507833f389,58ffe2ad96cb679c2c5016e5b27612507833f389
ba1cb8e923c9d6a8975ab9b117401de6b159b3ec,ba1cb8e923c9d6a8975ab9b117401de6b159b3ec
bac649d1ad72dd6a0b65cfdc0e3172c10b64a06f,bac649d1ad72dd6a0b65cfdc0e3172c10b64a06f
eecd50dd595ac10ba9ac733c8a937ba5f9deb621,eecd50dd595ac10ba9ac733c8a937ba5f9deb621
a78be47d44da5c1e10e8521bb31c177d395bea06,a78be47d44da5c1e10e8521bb31c177d395bea06
728ec36d99b1ee0432c2c60e323e474d6092e4e5,728ec36d99b1ee0432c2c60e323e474d6092e4e5
6a4ed64d952a5ca6f5688ff85ebb057b7c5a01dd,6a4ed64d952a5ca6f5688ff85ebb057b7c5a01dd
a9eb6d4efe04e0212c45a6b659d44ab1cb96c331,a9eb6d4efe04e0212c45a6b659d44ab1cb96c331
14d51758d7d598afd8b1c45e2590ae1eb87ffb84,14d51758d7d598afd8b1c45e2590ae1eb87ffb84
a24b44be4e7e767fc54fbf3eae3c51e7713c9553,a24b44be4e7e767fc54fbf3eae3c51e7713c9553
743f750573c2be5210ea9a61efae655a9e1be394,743f750573c2be5210ea9a61efae655a9e1be394
6bbb91aa50df3530ea487fd06e182c83cde6a9e9,6bbb91aa50df3530ea487fd06e182c83cde6a9e9
e7ef6e0600ca31505c72cf3363bd96d15437ce5c,e7ef6e0600ca31505c72cf3363bd96d15437ce5c
449a5d7d7aa0f68fc8a82abf4ebc97c7d132ad6f,449a5d7d7aa0f68fc8a82abf4ebc97c7d132ad6f
6fbeb250b10f56025442ba60362b478224556b45,6fbeb250b10f56025442ba60362b478224556b45
b573911b4d296c4f4e3e3e97fcf44bc4c934845a,b573911b4d296c4f4e3e3e97fcf44bc4c934845a
2d4142905e27520363bdeb74f76bd7c1001d2b74,2d4142905e27520363bdeb74f76bd7c1001d2b74
1b891c55880965334f4b24169ecb2fdd42d52102,1b891c55880965334f4b24169ecb2fdd42d52102
06f26a738ffb71e9ac02964bcefc95b282493ba7,06f26a738ffb71e9ac02964bcefc95b282493ba7
407b76b87aa2a788d3c1c6d4c45ee4adee166b81,407b76b87aa2a788d3c1c6d4c45ee4adee166b81
3c99d6b20ca6cf9be423466e519119f59493f441,3c99d6b20ca6cf9be423466e519119f59493f441
f6ade7b64488d45e1630143466109fc6a1ec0c46,f6ade7b64488d45e1630143466109fc6a1ec0c46
7b392b6734201e8f1a101da105e70da189195e36,7b392b6734201e8f1a101da105e70da189195e36
25c289dcafe1146357b160d8c4da144568375b50,25c289dcafe1146357b160d8c4da144568375b50
aa72bfe6a28f404fdf2098a81976831506892faa,aa72bfe6a28f404fdf2098a81976831506892faa
5e48ef05e05e727cc62e1391fedcd7a5558ed0a1,5e48ef05e05e727cc62e1391fedcd7a5558ed0a1
089cdcdb71aa92acdd24831b436a047bdcc5dd53,089cdcdb71aa92acdd24831b436a047bdcc5dd53
ab9eee6b2834052d9d6a4b0c7a5825d9d50aac06,ab9eee6b2834052d9d6a4b0c7a5825d9d50aac06
ae453254a51cff9142708c403643384c3beb6751,ae453254a51cff9142708c403643384c3beb6751
78fcbfab8823d6f4a86a2eb8278604f5d1e3504f,78fcbfab8823d6f4a86a2eb8278604f5d1e3504f
6056e58d650468eee78f966e7c69977d12c738f5,6056e58d650468eee78f966e7c69977d12c738f5
04212c0c2eff052da5522487027aab2c175f4ad7,04212c0c2eff052da5522487027aab2c175f4ad7
0295abf3a233725a2aaddb3efabb3fe08c24896a,0295abf3a233725a2aaddb3efabb3fe08c24896a
52b40c6660e7b20cb0147146da88bf7830552ed1,52b40c6660e7b20cb0147146da88bf7830552ed1
3c58c69343a4c59f041bfa9a7296398d5ac3cefc,3c58c69343a4c59f041bfa9a7296398d5ac3cefc
a698cdd12443e229f3a7ed8ad497c2c46f8da482,a698cdd12443e229f3a7ed8ad497c2c46f8da482
3dd77556c45bf8f72d2faa5fad29e47e5085b8e2,3dd77556c45bf8f72d2faa5fad29e47e5085b8e2
cb25a8181fd0607aced1c6010936fe4ec03e248d,cb25a8181fd0607aced1c6010936fe4ec03e248d
6f7f82a18ea3c14e9ff425316af2b0048d46ef30,6f7f82a18ea3c14e9ff425316af2b0048d46ef30
115e9f076afe5905f3eb1b1fa5fb8b6649858d3c,115e9f076afe5905f3eb1b1fa5fb8b6649858d3c
f2bf0239004642c03083589180b0ea6ac655f1cf,f2bf0239004642c03083589180b0ea6ac655f1cf
a13dab2e18fbe122d9988838ccea28a5c0feac32,a13dab2e18fbe122d9988838ccea28a5c0feac32
33ebd6773d050bdf8347232147491b494f4145c8,33ebd6773d050bdf8347232147491b494f4145c8
2ca71f16848cf11d2507237b5aac6679574019c7,2ca71f16848cf11d2507237b5aac6679574019c7
66fc231e455b2d9f2eee2351b17860f230b759d8,66fc231e455b2d9f2eee2351b17860f230b759d8
0c34cd05103fefbf73942e5a045c28caf1496f1d,0c34cd05103fefbf73942e5a045c28caf1496f1d
93b6cd111ccffcbed468fc62b980e212aa55d7ad,93b6cd111ccffcbed468fc62b980e212aa55d7ad
1f3b05db66fe6869ab40d41168f3039915eab1f9,1f3b05db66fe6869ab40d41168f3039915eab1f9
32fb791666b84d62a6c2436c8b682ca33d5850fc,32fb791666b84d62a6c2436c8b682ca33d5850fc
0af9706b4ea3706d195b96bfa6fbfab4cda07fb5,0af9706b4ea3706d195b96bfa6fbfab4cda07fb5
005f65fe2f7db8f1bde52d3a6414ee251577118a,005f65fe2f7db8f1bde52d3a6414ee251577118a
ce319cb29b7d8f42cb4b65e3b1bbc00412aa0a9c,ce319cb29b7d8f42cb4b65e3b1bbc00412aa0a9c
bfca182314b120e433456ce8f964ee81d0dab571,bfca182314b120e433456ce8f964ee81d0dab571
35f36b014946428d9d6dceb643f0f53dcf2c25e0,35f36b014946428d9d6dceb643f0f53dcf2c25e0
bd6babd788165fd8eef1c87c98d98217cd00dafd,bd6babd788165fd8eef1c87c98d98217cd00dafd
4f76b38bb0f200045370d2f227f35f7a5bee1c66,4f76b38bb0f200045370d2f227f35f7a5bee1c66
51c147a19b2c1a9ebbdc2c137da20f1e73e9e145,51c147a19b2c1a9ebbdc2c137da20f1e73e9e145
7cb8672997fa2d8c129a07246871a6a3b79af53b,7cb8672997fa2d8c129a07246871a6a3b79af53b
52bc7a0531828020aed751782120311f70985ed6,52bc7a0531828020aed751782120311f70985ed6
a3c61dea5958a57b482af961680a247997480f00,a3c61dea5958a57b482af961680a247997480f00
699f4d24f9decf898348960f709f011ee5dca6f7,699f4d24f9decf898348960f709f011ee5dca6f7
31fafa440021f1469447456fa82555f749b31412,31fafa440021f1469447456fa82555f749b31412
8732db6e258363357dfb19c3cc07519b52137c45,8732db6e258363357dfb19c3cc07519b52137c45
8c2b2d2b471fccb2df5e386279c1fd39b5357ff3,8c2b2d2b471fccb2df5e386279c1fd39b5357ff3
44c34bf14e5a76267235ba81dc3992f2f70ee59b,44c34bf14e5a76267235ba81dc3992f2f70ee59b
9dd56dbd9d8c2b5d47baa74aa24ca4f34e5a3aad,9dd56dbd9d8c2b5d47baa74aa24ca4f34e5a3aad
57597b60a92adf91f4c863121a4b5cfe172358ae,57597b60a92adf91f4c863121a4b5cfe172358ae
bbc4af6ad2b5adfca2740e564748a999921da947,bbc4af6ad2b5adfca2740e564748a999921da947
9b86834eb80ca283898e883a24b4c93c64aea44a,9b86834eb80ca283898e883a24b4c93c64aea44a
6c362c9aec615f5eae9aa61de5bfa7017e94d7c1,6c362c9aec615f5eae9aa61de5bfa7017e94d7c1
8285bafbd0ad48cd86158d5e266a25e67215a891,8285bafbd0ad48cd86158d5e266a25e67215a891
304e8cd9f6ec4ea0b2638bd384c976d5030f6ff3,304e8cd9f6ec4ea0b2638bd384c976d5030f6ff3
2b08ce044faf2b952bdc2216b7cf4d59e55d65af,2b08ce044faf2b952bdc2216b7cf4d59e55d65af
955616bb21bc687b9193e03328770f7deb79aa56,955616bb21bc687b9193e03328770f7deb79aa56
6a7ca5d97e1eaa1e32cf5d3c2adaabe9322200aa,6a7ca5d97e1eaa1e32cf5d3c2adaabe9322200aa
4971269e76b76d5879c0e350e879c3fa051666f6,4971269e76b76d5879c0e350e879c3fa051666f6
781b6615821c234ff2aae42618afe72a9667a03e,781b6615821c234ff2aae42618afe72a9667a03e
fc4c1c3ea026bd6041a836a79252183add2d2a57,fc4c1c3ea026bd6041a836a79252183add2d2a57
8ea2203730e96dc479393bc8520b967d6e8162e5,8ea2203730e96dc479393bc8520b967d6e8162e5
c7f818b3a81c3a7857eb9ebce47f53503ad0d863,c7f818b3a81c3a7857eb9ebce47f53503ad0d863
90ce395cce57afb1aae337ee08bc419531ff0097,90ce395cce57afb1aae337ee08bc419531ff0097
511aae2ae5cffc9059b2c2fc0f24c46c194fc5c8,511aae2ae5cffc9059b2c2fc0f24c46c194fc5c8
8be7707d9d788adb243fd5564d2e58bace4b5844,8be7707d9d788adb243fd5564d2e58bace4b5844
84ef141d5f55dd0980f1eeed9219fc4c965a2317,84ef141d5f55dd0980f1eeed9219fc4c965a2317
d5b7de2cf8bee767e5dd4d030eb8d4b56c9030d8,d5b7de2cf8bee767e5dd4d030eb8d4b56c9030d8
494819b1690f5329f5b81835f0bd0b8e8ee0c9de,494819b1690f5329f5b81835f0bd0b8e8ee0c9de
1141084313b0105899ec2c36b026ed94143c8816,1141084313b0105899ec2c36b026ed94143c8816
47c1eb8e2e29d69992195a009753205749420253,47c1eb8e2e29d69992195a009753205749420253
ee30fccff6ac8f722a7a8c963478678615bdb1e2,ee30fccff6ac8f722a7a8c963478678615bdb1e2
9933449a850264f2fc2cc85883598d6c56983700,9933449a850264f2fc2cc85883598d6c56983700
3334ab331b4d4c5ec1e74acfa8635258c751524d,3334ab331b4d4c5ec1e74acfa8635258c751524d
195b232a9f948f1681d5aedc6a6d77e44ad387ad,195b232a9f948f1681d5aedc6a6d77e44ad387ad
61fcb673e2b10805547fc893b9f3f025edb3e9df,61fcb673e2b10805547fc893b9f3f025edb3e9df
a5e19beebaeb34599c29ca08cc93100506cabe78,a5e19beebaeb34599c29ca08cc93100506cabe78
254553f4cf4e81b12a7aac6ddb1ab8db6b5e736b,254553f4cf4e81b12a7aac6ddb1ab8db6b5e736b
55d374cd5c1a0d7857d806dabdaa29987ea74687,55d374cd5c1a0d7857d806dabdaa29987ea74687
a685dca194f9ad021ba92c85f9b474e410bfcd33,a685dca194f9ad021ba92c85f9b474e410bfcd33
b1b94fee2849d20e7520caa16143cabbf8c29d7a,b1b94fee2849d20e7520caa16143cabbf8c29d7a
c18b3cfc306bfd02ef5a9a24e9f16ec4f2986332,c18b3cfc306bfd02ef5a9a24e9f16ec4f2986332
fbdf63a5ef44806c92542d39b5641f993b3e0d22,fbdf63a5ef44806c92542d39b5641f993b3e0d22
f1d35167706d5b6370f342ba1d6067fc373493ec,f1d35167706d5b6370f342ba1d6067fc373493ec
b68d38ad6021af37f30ab9e1ca3713dd092e7d72,b68d38ad6021af37f30ab9e1ca3713dd092e7d72
49226eefe127e34cf16054b1b0480e7673290582,49226eefe127e34cf16054b1b0480e7673290582
baa03006223607a376714d86b2ed44bb7db0b623,baa03006223607a376714d86b2ed44bb7db0b623
cba3011d182dd8c8634a227de5bcd32d7b6d4620,cba3011d182dd8c8634a227de5bcd32d7b6d4620
2c517d2145f850888c57f78fe0ad24d6d6715715,2c517d2145f850888c57f78fe0ad24d6d6715715
c00a703443c1fefe527c511ce23c2ddac7d9f46b,c00a703443c1fefe527c511ce23c2ddac7d9f46b
06998cca692d1a7fb85aea96e6728bdfae32db21,06998cca692d1a7fb85aea96e6728bdfae32db21
120b162f26d508b36c16e174d11dc0f536dfb9bc,120b162f26d508b36c16e174d11dc0f536dfb9bc
f3619567280c4da6fb2758fec61268aa9e28cd28,f3619567280c4da6fb2758fec61268aa9e28cd28
fbe17ceaaae827bbb00a917801bd833ba1de5505,fbe17ceaaae827bbb00a917801bd833ba1de5505
036ff40c408fea2dfaa547f5cb89974a57dbb1a5,036ff40c408fea2dfaa547f5cb89974a57dbb1a5
c04b63ad79894ac2c1ba5b832b72ed76df209958,c04b63ad79894ac2c1ba5b832b72ed76df209958
e2b551045f30dde902893bdcbe9ff01c61e82c55,e2b551045f30dde902893bdcbe9ff01c61e82c55
aab4ce578ca19c87e283d82593e5efc85367087f,aab4ce578ca19c87e283d82593e5efc85367087f
7d4327bbf2f49a2c785f0d01e41d0056ed64de8e,7d4327bbf2f49a2c785f0d01e41d0056ed64de8e
28c4c1891ab47d32a7815ac4411f5909481a106a,28c4c1891ab47d32a7815ac4411f5909481a106a
67ed475c2f4374202a6cf78db924a0d2c5712951,67ed475c2f4374202a6cf78db924a0d2c5712951
6ddd805ab25f27e43425ee7ea84d964f426e8118,6ddd805ab25f27e43425ee7ea84d964f426e8118
284aa8d033203150b3949aed0f40e6d2f3e9870a,284aa8d033203150b3949aed0f40e6d2f3e9870a
bcf4422eab786c2caadd7a1702ea02034ea832a2,bcf4422eab786c2caadd7a1702ea02034ea832a2
b993d62926fe36a208534e80e6342ee228967d2b,b993d62926fe36a208534e80e6342ee228967d2b
5354b3a16981d70a0ed0a7320840b6d464a8bcac,5354b3a16981d70a0ed0a7320840b6d464a8bcac
91165a18b1a579b475a927bd2880cd4a19b0ffc6,91165a18b1a579b475a927bd2880cd4a19b0ffc6
5e93c1118e41a484df29011bc705e74e848537cc,5e93c1118e41a484df29011bc705e74e848537cc
f41d4dc522c124611b72eb62a36a0725fb4e1899,f41d4dc522c124611b72eb62a36a0725fb4e1899
91afee33732305ce2e24c240db54098a82fdcb23,91afee33732305ce2e24c240db54098a82fdcb23
76a282da7f06b3384da8fe6869d8af38e94e0946,76a282da7f06b3384da8fe6869d8af38e94e0946
4bb6975082ae0b1141e97ab7baa04970bfcef7fc,4bb6975082ae0b1141e97ab7baa04970bfcef7fc
336a6097dc9c1b40fafb88b62b17f84cb395af19,336a6097dc9c1b40fafb88b62b17f84cb395af19
e178a1ef90985b70f43e9d52076873c0443ada74,e178a1ef90985b70f43e9d52076873c0443ada74
a4fcf58003494bcd0c5d69db19a25e1ad6056ac0,a4fcf58003494bcd0c5d69db19a25e1ad6056ac0
07b4988042b89eac1fb73049c4c2e0a278855a30,07b4988042b89eac1fb73049c4c2e0a278855a30
8374213dd3e385264e56000694d2254fda7e6977,8374213dd3e385264e56000694d2254fda7e6977
1779cc0ecac11f0fd8b99c074e756ab17a01fec0,1779cc0ecac11f0fd8b99c074e756ab17a01fec0
d5b36bae943cce392cb9bbbeb4da9f11f1df6ae8,d5b36bae943cce392cb9bbbeb4da9f11f1df6ae8
bb46808eba23a1a936f2ad3036aeb774f163fb1e,bb46808eba23a1a936f2ad3036aeb774f163fb1e
f46c708aff140dbb60d79a07be87fdab161107a8,f46c708aff140dbb60d79a07be87fdab161107a8
6b41b3f01e663ca1340801d4597ab78077932b5d,6b41b3f01e663ca1340801d4597ab78077932b5d
b6e9d1d5d49bf02bc15c6c4da979adcd5e8d61ab,b6e9d1d5d49bf02bc15c6c4da979adcd5e8d61ab
080d2bc8afa67b0dc45faa6987ebae9ffd2c93dd,080d2bc8afa67b0dc45faa6987ebae9ffd2c93dd
2a406a9c75eeea10facc51750f587eeb50b00c4b,2a406a9c75eeea10facc51750f587eeb50b00c4b
512e2740a5bf0cd9df2f6a4da538c8e18f0003b3,512e2740a5bf0cd9df2f6a4da538c8e18f0003b3
8ffce070a52a41124ed93aeb975e3d5ef4ab680a,8ffce070a52a41124ed93aeb975e3d5ef4ab680a
742f6a753c2d82465f921af0cb7dca8ebd884d2d,742f6a753c2d82465f921af0cb7dca8ebd884d2d
1d4264dde4970fa1d7f9578bf363bf86b748f3ee,1d4264dde4970fa1d7f9578bf363bf86b748f3ee
cf1e77962f4e27d49c8fec5234126cb1657866a4,cf1e77962f4e27d49c8fec5234126cb1657866a4
9e417f1905cbf2f8b238d9f42c7d42a5cd5154f8,9e417f1905cbf2f8b238d9f42c7d42a5cd5154f8
2e43e495f3378b21540f8474c57ed87dbbd2386d,2e43e495f3378b21540f8474c57ed87dbbd2386d
1ded7fee1fce124bd86097c13c41b64a60178545,1ded7fee1fce124bd86097c13c41b64a60178545
b4ba4ac93262986d6b1fe0a6af804c4f5267a2db,b4ba4ac93262986d6b1fe0a6af804c4f5267a2db
b2e06e47a9c4b42d57af0d466496227a33a9dd87,b2e06e47a9c4b42d57af0d466496227a33a9dd87
f628ce8acbeda75a3205160b585a7117ccda8043,f628ce8acbeda75a3205160b585a7117ccda8043
54febef16edb9f456ac788aac9457ed5fa54a37c,54febef16edb9f456ac788aac9457ed5fa54a37c
a0512d4ae8b65e80fe2f6769e70add9fea786b06,a0512d4ae8b65e80fe2f6769e70add9fea786b06
daa6fe273360918f76dac2cd5d2e794a3259e53b,daa6fe273360918f76dac2cd5d2e794a3259e53b
1da89835fb50d209cf0c127eee72015f9ccb2909,1da89835fb50d209cf0c127eee72015f9ccb2909
60b0451bb210b98b047fb42c8c6cd9914a5b2d37,60b0451bb210b98b047fb42c8c6cd9914a5b2d37
bb0dbaa9c047d4b54ccac02b307d33ba665f9a8a,bb0dbaa9c047d4b54ccac02b307d33ba665f9a8a
c31a08e4dbd0d09e9016486efad31f35fe520d29,c31a08e4dbd0d09e9016486efad31f35fe520d29
badb77c8f57a0da3e14d270a5734b9e7f5f296be,badb77c8f57a0da3e14d270a5734b9e7f5f296be
34cd9540a6aa22bb02bab17bc274f61ceb331e46,34cd9540a6aa22bb02bab17bc274f61ceb331e46
500005e1dc160355fa36cb654267248cef2e0a32,500005e1dc160355fa36cb654267248cef2e0a32
ecd66272116ecf4fe0a23dd1bf38d4640a969534,ecd66272116ecf4fe0a23dd1bf38d4640a969534
650a85757de2e3324e721895634a511da408fb14,650a85757de2e3324e721895634a511da408fb14
2e7f295a08e109464da7885bc415a9b1ab29e4ae,2e7f295a08e109464da7885bc415a9b1ab29e4ae
702cdd01720c65a4230c30665df351fba56832b2,702cdd01720c65a4230c30665df351fba56832b2
24288144bdb66e303974a21ebaa6c236227affc0,24288144bdb66e303974a21ebaa6c236227affc0
4faa45b04b6d40c496bde1b9d88ae3dac6432dd8,4faa45b04b6d40c496bde1b9d88ae3dac6432dd8
82e2a74050824d183cf7fb527251ef825090aea3,82e2a74050824d183cf7fb527251ef825090aea3
f31637c916efff17a5da284fd2a066ab2812149d,f31637c916efff17a5da284fd2a066ab2812149d
1073b8a9efd5eafac2db92fd0a720f8f2609dc81,1073b8a9efd5eafac2db92fd0a720f8f2609dc81
f4ac5db8b992c28416bd79089ff0f589e025ccc8,f4ac5db8b992c28416bd79089ff0f589e025ccc8
3740960346a76609e1334d7824f76f8c955c288d,3740960346a76609e1334d7824f76f8c955c288d
6d3b7e42eab057b6aca42d835baf2e73b407669a,6d3b7e42eab057b6aca42d835baf2e73b407669a
ce6e3f65b03b81a77bf154e43ba7d20a8f4c87aa,ce6e3f65b03b81a77bf154e43ba7d20a8f4c87aa
f73d91e825c480dca0e1d79d71a8860b0d018728,f73d91e825c480dca0e1d79d71a8860b0d018728
7d1ab2007ca804a3ae430e1f4d0a5c309ac00ba7,7d1ab2007ca804a3ae430e1f4d0a5c309ac00ba7
641ef8cc45cddf24206499289c4570c02383b586,641ef8cc45cddf24206499289c4570c02383b586
c764bdabe3f068197a4281db5af297c28d2b7a56,c764bdabe3f068197a4281db5af297c28d2b7a56
b452901f9597640902f7a85ac3e06601c394572c,b452901f9597640902f7a85ac3e06601c394572c
f9aebd72400d817ac3a4e4e86e7f11dd21f78320,f9aebd72400d817ac3a4e4e86e7f11dd21f78320
4fdb452676d279680c88380da067b8de409554e7,4fdb452676d279680c88380da067b8de409554e7
8161ce60b28e7d1a5af2dbfb828a757b75373b2c,8161ce60b28e7d1a5af2dbfb828a757b75373b2c
dc35be90ac35fdfa203e431f1232332ddb2b3186,dc35be90ac35fdfa203e431f1232332ddb2b3186
87372bfa57490f90a60a97b8f907ccd8d04c2283,87372bfa57490f90a60a97b8f907ccd8d04c2283
908d3fdaf00153172cdb6026a5293aca3e228aa9,908d3fdaf00153172cdb6026a5293aca3e228aa9
2a6c31caa234c14660751a094e5e4d78ab84d8f2,2a6c31caa234c14660751a094e5e4d78ab84d8f2
24132cfa26e569011a2028790575cd474f32cf95,24132cfa26e569011a2028790575cd474f32cf95
ea29c194a95d7a7cd303946dbc4cc19686b414cd,52e011714242370aa788d606ba321cad97e7e0b0
bfdd084be26af96e2ab943d0b3574523fe347824,64f36c06b0292c91be213af35b3f405ff942b052
e656b39e12bf86fe4996b46a58486fa5b7393b50,5806afa11f1bd5f1cfe5a4801f8c0085850335b6
8ce0d0d81448a17b22fdc1b4324cf3e1cbf1cc0d,e0c9375ba1206669e8e1ed688e52818373a9314c
191c171b94c789cb0d07a902286a6b092cbd7472,aeb902e9befdc35f0b602356c46e500e28dcc00e
c0e5dfcf5a9c4ed97f7264baebb1b665abbc046d,2008dd6c651d6708e552f46b0101c563af8f978e
a7da4a4816a01dcd05d1f1a952960afce2d662f0,2c823baac3ecd5f05ebc8794322a46c8b4cc5e9d
ee5fc7bd26e00e0df2e6757374296d1d44adb8cf,85f5f7c3eb764dba27b04461d7c676cde062deaa
afb43886b0754d55d58827e6b3036129b7fcc6a6,2ebd34d0e17e48653f1ed1b174c96830198ec70d
0408b3a227d718802bd511d8c04660e5fe2d1044,00b0fa09b3b56756bd51dbba0e8231b04ae3a2c5
2320cea0490b69e81f0bf9359e7b336f81026755,ecd308f829a2523199edd14a833bdb1d1acaf30f
f4daa027f4701f2702e3954b13642c427f719a0c,e8ce9ac413f38566552c2cc58b9e4dc18454997a
fd716e6a7b8339a183b60fafb9462085e297c318,848a63316878055d448a47729577cf85b901e5dd
7960f420a783de859b4e1bf2c464bb6fe20a1dfe,9923110e54179447fd035ecf9e97f527c1350018
787197a2cf522c5836e986492a701208c35c63db,39faba18c21a394e14e680953e4687787ad723c8
1c695f31652e05a7cdcc11ffedf328b0ef27fde8,c44ac8b5e549f02dbc9f77a66a6dc18d6e6a6859
9637066fe4879a0bbb6d647a26908b3c866eb176,44c42c1626e4aa44a933d0f8256676da4328311b
79f2e9429be41e27d1ceb75d13e07776051abbaf,ffbb9d45437abdd71af42846ff00493fad14a63b
